id,o,d,city_o,district_0,city_d,district_d,lon_0,lat_0,lon_1,lat_1
1,Hong Kong,Macao,香港,九龙半岛,澳门,澳门特别行政区,114.202104,22.321462,113.54909,22.198951
2,Hong Kong,Gaungzhou,香港,九龙半岛,广州,从化区,114.202104,22.321462,113.587386,23.545283
3,Hong Kong,Gaungzhou,香港,九龙半岛,广州,增城区,114.202104,22.321462,113.829579,23.290497
4,Hong Kong,Gaungzhou,香港,九龙半岛,广州,花都区,114.202104,22.321462,113.211184,23.39205
5,Hong Kong,Gaungzhou,香港,九龙半岛,广州,南沙区,114.202104,22.321462,113.53738,22.794531
6,Hong Kong,Gaungzhou,香港,九龙半岛,广州,黄埔区,114.202104,22.321462,113.450761,23.103239
7,Hong Kong,Gaungzhou,香港,九龙半岛,广州,天河区,114.202104,22.321462,113.335367,23.13559
8,Hong Kong,Gaungzhou,香港,九龙半岛,广州,白云区,114.202104,22.321462,113.262831,23.162281
9,Hong Kong,Gaungzhou,香港,九龙半岛,广州,番禺区,114.202104,22.321462,113.364619,22.938582
10,Hong Kong,Gaungzhou,香港,九龙半岛,广州,海珠区,114.202104,22.321462,113.262008,23.103131
11,Hong Kong,Gaungzhou,香港,九龙半岛,广州,越秀区,114.202104,22.321462,113.280714,23.125624
12,Hong Kong,Gaungzhou,香港,九龙半岛,广州,荔湾区,114.202104,22.321462,113.243038,23.124943
13,Hong Kong,Shenzhen,香港,九龙半岛,深圳,宝安区,114.202104,22.321462,113.828671,22.754741
14,Hong Kong,Shenzhen,香港,九龙半岛,深圳,南山区,114.202104,22.321462,113.92943,22.531221
15,Hong Kong,Shenzhen,香港,九龙半岛,深圳,福田区,114.202104,22.321462,114.05096,22.541009
16,Hong Kong,Shenzhen,香港,九龙半岛,深圳,盐田区,114.202104,22.321462,114.235366,22.555069
17,Hong Kong,Shenzhen,香港,九龙半岛,深圳,罗湖区,114.202104,22.321462,114.123885,22.555341
18,Hong Kong,Shenzhen,香港,九龙半岛,深圳,龙岗区,114.202104,22.321462,114.251372,22.721511
19,Hong Kong,Shenzhen,香港,九龙半岛,深圳,龙华区,114.202104,22.321462,114.044346,22.691963
20,Hong Kong,Shenzhen,香港,九龙半岛,深圳,坪山区,114.202104,22.321462,114.338441,22.69423
21,Hong Kong,Shenzhen,香港,九龙半岛,深圳,光明区,114.202104,22.321462,113.935895,22.748816
22,Hong Kong,Zhuhai,香港,九龙半岛,珠海,珠海市,114.202104,22.321462,113.553986,22.224979
23,Hong Kong,Foshan,香港,九龙半岛,佛山,佛山市,114.202104,22.321462,113.122717,23.028762
24,Hong Kong,Huizhou,香港,九龙半岛,惠州,惠州市,114.202104,22.321462,114.412599,23.079404
25,Hong Kong,Dongguang,香港,九龙半岛,东莞,东莞市,114.202104,22.321462,113.746262,23.046237
26,Hong Kong,Zhongshan,香港,九龙半岛,中山,中山市,114.202104,22.321462,113.382391,22.521113
27,Hong Kong,Jiangmen,香港,九龙半岛,江门,江门市,114.202104,22.321462,113.094942,22.590431
28,Hong Kong,Zhaoqing,香港,九龙半岛,肇庆,肇庆市,114.202104,22.321462,112.472529,23.051546
29,Hong Kong,Macao,香港,香港岛,澳门,澳门特别行政区,114.180828,22.270967,113.54909,22.198951
30,Hong Kong,Gaungzhou,香港,香港岛,广州,从化区,114.180828,22.270967,113.587386,23.545283
31,Hong Kong,Gaungzhou,香港,香港岛,广州,增城区,114.180828,22.270967,113.829579,23.290497
32,Hong Kong,Gaungzhou,香港,香港岛,广州,花都区,114.180828,22.270967,113.211184,23.39205
33,Hong Kong,Gaungzhou,香港,香港岛,广州,南沙区,114.180828,22.270967,113.53738,22.794531
34,Hong Kong,Gaungzhou,香港,香港岛,广州,黄埔区,114.180828,22.270967,113.450761,23.103239
35,Hong Kong,Gaungzhou,香港,香港岛,广州,天河区,114.180828,22.270967,113.335367,23.13559
36,Hong Kong,Gaungzhou,香港,香港岛,广州,白云区,114.180828,22.270967,113.262831,23.162281
37,Hong Kong,Gaungzhou,香港,香港岛,广州,番禺区,114.180828,22.270967,113.364619,22.938582
38,Hong Kong,Gaungzhou,香港,香港岛,广州,海珠区,114.180828,22.270967,113.262008,23.103131
39,Hong Kong,Gaungzhou,香港,香港岛,广州,越秀区,114.180828,22.270967,113.280714,23.125624
40,Hong Kong,Gaungzhou,香港,香港岛,广州,荔湾区,114.180828,22.270967,113.243038,23.124943
41,Hong Kong,Shenzhen,香港,香港岛,深圳,宝安区,114.180828,22.270967,113.828671,22.754741
42,Hong Kong,Shenzhen,香港,香港岛,深圳,南山区,114.180828,22.270967,113.92943,22.531221
43,Hong Kong,Shenzhen,香港,香港岛,深圳,福田区,114.180828,22.270967,114.05096,22.541009
44,Hong Kong,Shenzhen,香港,香港岛,深圳,盐田区,114.180828,22.270967,114.235366,22.555069
45,Hong Kong,Shenzhen,香港,香港岛,深圳,罗湖区,114.180828,22.270967,114.123885,22.555341
46,Hong Kong,Shenzhen,香港,香港岛,深圳,龙岗区,114.180828,22.270967,114.251372,22.721511
47,Hong Kong,Shenzhen,香港,香港岛,深圳,龙华区,114.180828,22.270967,114.044346,22.691963
48,Hong Kong,Shenzhen,香港,香港岛,深圳,坪山区,114.180828,22.270967,114.338441,22.69423
49,Hong Kong,Shenzhen,香港,香港岛,深圳,光明区,114.180828,22.270967,113.935895,22.748816
50,Hong Kong,Zhuhai,香港,香港岛,珠海,珠海市,114.180828,22.270967,113.553986,22.224979
51,Hong Kong,Foshan,香港,香港岛,佛山,佛山市,114.180828,22.270967,113.122717,23.028762
52,Hong Kong,Huizhou,香港,香港岛,惠州,惠州市,114.180828,22.270967,114.412599,23.079404
53,Hong Kong,Dongguang,香港,香港岛,东莞,东莞市,114.180828,22.270967,113.746262,23.046237
54,Hong Kong,Zhongshan,香港,香港岛,中山,中山市,114.180828,22.270967,113.382391,22.521113
55,Hong Kong,Jiangmen,香港,香港岛,江门,江门市,114.180828,22.270967,113.094942,22.590431
56,Hong Kong,Zhaoqing,香港,香港岛,肇庆,肇庆市,114.180828,22.270967,112.472529,23.051546
57,Hong Kong,Macao,香港,新界,澳门,澳门特别行政区,114.091194,22.396943,113.54909,22.198951
58,Hong Kong,Gaungzhou,香港,新界,广州,从化区,114.091194,22.396943,113.587386,23.545283
59,Hong Kong,Gaungzhou,香港,新界,广州,增城区,114.091194,22.396943,113.829579,23.290497
60,Hong Kong,Gaungzhou,香港,新界,广州,花都区,114.091194,22.396943,113.211184,23.39205
61,Hong Kong,Gaungzhou,香港,新界,广州,南沙区,114.091194,22.396943,113.53738,22.794531
62,Hong Kong,Gaungzhou,香港,新界,广州,黄埔区,114.091194,22.396943,113.450761,23.103239
63,Hong Kong,Gaungzhou,香港,新界,广州,天河区,114.091194,22.396943,113.335367,23.13559
64,Hong Kong,Gaungzhou,香港,新界,广州,白云区,114.091194,22.396943,113.262831,23.162281
65,Hong Kong,Gaungzhou,香港,新界,广州,番禺区,114.091194,22.396943,113.364619,22.938582
66,Hong Kong,Gaungzhou,香港,新界,广州,海珠区,114.091194,22.396943,113.262008,23.103131
67,Hong Kong,Gaungzhou,香港,新界,广州,越秀区,114.091194,22.396943,113.280714,23.125624
68,Hong Kong,Gaungzhou,香港,新界,广州,荔湾区,114.091194,22.396943,113.243038,23.124943
69,Hong Kong,Shenzhen,香港,新界,深圳,宝安区,114.091194,22.396943,113.828671,22.754741
70,Hong Kong,Shenzhen,香港,新界,深圳,南山区,114.091194,22.396943,113.92943,22.531221
71,Hong Kong,Shenzhen,香港,新界,深圳,福田区,114.091194,22.396943,114.05096,22.541009
72,Hong Kong,Shenzhen,香港,新界,深圳,盐田区,114.091194,22.396943,114.235366,22.555069
73,Hong Kong,Shenzhen,香港,新界,深圳,罗湖区,114.091194,22.396943,114.123885,22.555341
74,Hong Kong,Shenzhen,香港,新界,深圳,龙岗区,114.091194,22.396943,114.251372,22.721511
75,Hong Kong,Shenzhen,香港,新界,深圳,龙华区,114.091194,22.396943,114.044346,22.691963
76,Hong Kong,Shenzhen,香港,新界,深圳,坪山区,114.091194,22.396943,114.338441,22.69423
77,Hong Kong,Shenzhen,香港,新界,深圳,光明区,114.091194,22.396943,113.935895,22.748816
78,Hong Kong,Zhuhai,香港,新界,珠海,珠海市,114.091194,22.396943,113.553986,22.224979
79,Hong Kong,Foshan,香港,新界,佛山,佛山市,114.091194,22.396943,113.122717,23.028762
80,Hong Kong,Huizhou,香港,新界,惠州,惠州市,114.091194,22.396943,114.412599,23.079404
81,Hong Kong,Dongguang,香港,新界,东莞,东莞市,114.091194,22.396943,113.746262,23.046237
82,Hong Kong,Zhongshan,香港,新界,中山,中山市,114.091194,22.396943,113.382391,22.521113
83,Hong Kong,Jiangmen,香港,新界,江门,江门市,114.091194,22.396943,113.094942,22.590431
84,Hong Kong,Zhaoqing,香港,新界,肇庆,肇庆市,114.091194,22.396943,112.472529,23.051546
85,Macao,Hong Kong,澳门,澳门特别行政区,香港,九龙半岛,113.54909,22.198951,114.202104,22.321462
86,Macao,Hong Kong,澳门,澳门特别行政区,香港,香港岛,113.54909,22.198951,114.180828,22.270967
87,Macao,Hong Kong,澳门,澳门特别行政区,香港,新界,113.54909,22.198951,114.091194,22.396943
88,Macao,Gaungzhou,澳门,澳门特别行政区,广州,从化区,113.54909,22.198951,113.587386,23.545283
89,Macao,Gaungzhou,澳门,澳门特别行政区,广州,增城区,113.54909,22.198951,113.829579,23.290497
90,Macao,Gaungzhou,澳门,澳门特别行政区,广州,花都区,113.54909,22.198951,113.211184,23.39205
91,Macao,Gaungzhou,澳门,澳门特别行政区,广州,南沙区,113.54909,22.198951,113.53738,22.794531
92,Macao,Gaungzhou,澳门,澳门特别行政区,广州,黄埔区,113.54909,22.198951,113.450761,23.103239
93,Macao,Gaungzhou,澳门,澳门特别行政区,广州,天河区,113.54909,22.198951,113.335367,23.13559
94,Macao,Gaungzhou,澳门,澳门特别行政区,广州,白云区,113.54909,22.198951,113.262831,23.162281
95,Macao,Gaungzhou,澳门,澳门特别行政区,广州,番禺区,113.54909,22.198951,113.364619,22.938582
96,Macao,Gaungzhou,澳门,澳门特别行政区,广州,海珠区,113.54909,22.198951,113.262008,23.103131
97,Macao,Gaungzhou,澳门,澳门特别行政区,广州,越秀区,113.54909,22.198951,113.280714,23.125624
98,Macao,Gaungzhou,澳门,澳门特别行政区,广州,荔湾区,113.54909,22.198951,113.243038,23.124943
99,Macao,Shenzhen,澳门,澳门特别行政区,深圳,宝安区,113.54909,22.198951,113.828671,22.754741
100,Macao,Shenzhen,澳门,澳门特别行政区,深圳,南山区,113.54909,22.198951,113.92943,22.531221
101,Macao,Shenzhen,澳门,澳门特别行政区,深圳,福田区,113.54909,22.198951,114.05096,22.541009
102,Macao,Shenzhen,澳门,澳门特别行政区,深圳,盐田区,113.54909,22.198951,114.235366,22.555069
103,Macao,Shenzhen,澳门,澳门特别行政区,深圳,罗湖区,113.54909,22.198951,114.123885,22.555341
104,Macao,Shenzhen,澳门,澳门特别行政区,深圳,龙岗区,113.54909,22.198951,114.251372,22.721511
105,Macao,Shenzhen,澳门,澳门特别行政区,深圳,龙华区,113.54909,22.198951,114.044346,22.691963
106,Macao,Shenzhen,澳门,澳门特别行政区,深圳,坪山区,113.54909,22.198951,114.338441,22.69423
107,Macao,Shenzhen,澳门,澳门特别行政区,深圳,光明区,113.54909,22.198951,113.935895,22.748816
108,Macao,Zhuhai,澳门,澳门特别行政区,珠海,珠海市,113.54909,22.198951,113.553986,22.224979
109,Macao,Foshan,澳门,澳门特别行政区,佛山,佛山市,113.54909,22.198951,113.122717,23.028762
110,Macao,Huizhou,澳门,澳门特别行政区,惠州,惠州市,113.54909,22.198951,114.412599,23.079404
111,Macao,Dongguang,澳门,澳门特别行政区,东莞,东莞市,113.54909,22.198951,113.746262,23.046237
112,Macao,Zhongshan,澳门,澳门特别行政区,中山,中山市,113.54909,22.198951,113.382391,22.521113
113,Macao,Jiangmen,澳门,澳门特别行政区,江门,江门市,113.54909,22.198951,113.094942,22.590431
114,Macao,Zhaoqing,澳门,澳门特别行政区,肇庆,肇庆市,113.54909,22.198951,112.472529,23.051546
115,Gaungzhou,Hong Kong,广州,从化区,香港,九龙半岛,113.587386,23.545283,114.202104,22.321462
116,Gaungzhou,Hong Kong,广州,从化区,香港,香港岛,113.587386,23.545283,114.180828,22.270967
117,Gaungzhou,Hong Kong,广州,从化区,香港,新界,113.587386,23.545283,114.091194,22.396943
118,Gaungzhou,Macao,广州,从化区,澳门,澳门特别行政区,113.587386,23.545283,113.54909,22.198951
119,Gaungzhou,Shenzhen,广州,从化区,深圳,宝安区,113.587386,23.545283,113.828671,22.754741
120,Gaungzhou,Shenzhen,广州,从化区,深圳,南山区,113.587386,23.545283,113.92943,22.531221
121,Gaungzhou,Shenzhen,广州,从化区,深圳,福田区,113.587386,23.545283,114.05096,22.541009
122,Gaungzhou,Shenzhen,广州,从化区,深圳,盐田区,113.587386,23.545283,114.235366,22.555069
123,Gaungzhou,Shenzhen,广州,从化区,深圳,罗湖区,113.587386,23.545283,114.123885,22.555341
124,Gaungzhou,Shenzhen,广州,从化区,深圳,龙岗区,113.587386,23.545283,114.251372,22.721511
125,Gaungzhou,Shenzhen,广州,从化区,深圳,龙华区,113.587386,23.545283,114.044346,22.691963
126,Gaungzhou,Shenzhen,广州,从化区,深圳,坪山区,113.587386,23.545283,114.338441,22.69423
127,Gaungzhou,Shenzhen,广州,从化区,深圳,光明区,113.587386,23.545283,113.935895,22.748816
128,Gaungzhou,Zhuhai,广州,从化区,珠海,珠海市,113.587386,23.545283,113.553986,22.224979
129,Gaungzhou,Foshan,广州,从化区,佛山,佛山市,113.587386,23.545283,113.122717,23.028762
130,Gaungzhou,Huizhou,广州,从化区,惠州,惠州市,113.587386,23.545283,114.412599,23.079404
131,Gaungzhou,Dongguang,广州,从化区,东莞,东莞市,113.587386,23.545283,113.746262,23.046237
132,Gaungzhou,Zhongshan,广州,从化区,中山,中山市,113.587386,23.545283,113.382391,22.521113
133,Gaungzhou,Jiangmen,广州,从化区,江门,江门市,113.587386,23.545283,113.094942,22.590431
134,Gaungzhou,Zhaoqing,广州,从化区,肇庆,肇庆市,113.587386,23.545283,112.472529,23.051546
135,Gaungzhou,Hong Kong,广州,增城区,香港,九龙半岛,113.829579,23.290497,114.202104,22.321462
136,Gaungzhou,Hong Kong,广州,增城区,香港,香港岛,113.829579,23.290497,114.180828,22.270967
137,Gaungzhou,Hong Kong,广州,增城区,香港,新界,113.829579,23.290497,114.091194,22.396943
138,Gaungzhou,Macao,广州,增城区,澳门,澳门特别行政区,113.829579,23.290497,113.54909,22.198951
139,Gaungzhou,Shenzhen,广州,增城区,深圳,宝安区,113.829579,23.290497,113.828671,22.754741
140,Gaungzhou,Shenzhen,广州,增城区,深圳,南山区,113.829579,23.290497,113.92943,22.531221
141,Gaungzhou,Shenzhen,广州,增城区,深圳,福田区,113.829579,23.290497,114.05096,22.541009
142,Gaungzhou,Shenzhen,广州,增城区,深圳,盐田区,113.829579,23.290497,114.235366,22.555069
143,Gaungzhou,Shenzhen,广州,增城区,深圳,罗湖区,113.829579,23.290497,114.123885,22.555341
144,Gaungzhou,Shenzhen,广州,增城区,深圳,龙岗区,113.829579,23.290497,114.251372,22.721511
145,Gaungzhou,Shenzhen,广州,增城区,深圳,龙华区,113.829579,23.290497,114.044346,22.691963
146,Gaungzhou,Shenzhen,广州,增城区,深圳,坪山区,113.829579,23.290497,114.338441,22.69423
147,Gaungzhou,Shenzhen,广州,增城区,深圳,光明区,113.829579,23.290497,113.935895,22.748816
148,Gaungzhou,Zhuhai,广州,增城区,珠海,珠海市,113.829579,23.290497,113.553986,22.224979
149,Gaungzhou,Foshan,广州,增城区,佛山,佛山市,113.829579,23.290497,113.122717,23.028762
150,Gaungzhou,Huizhou,广州,增城区,惠州,惠州市,113.829579,23.290497,114.412599,23.079404
151,Gaungzhou,Dongguang,广州,增城区,东莞,东莞市,113.829579,23.290497,113.746262,23.046237
152,Gaungzhou,Zhongshan,广州,增城区,中山,中山市,113.829579,23.290497,113.382391,22.521113
153,Gaungzhou,Jiangmen,广州,增城区,江门,江门市,113.829579,23.290497,113.094942,22.590431
154,Gaungzhou,Zhaoqing,广州,增城区,肇庆,肇庆市,113.829579,23.290497,112.472529,23.051546
155,Gaungzhou,Hong Kong,广州,花都区,香港,九龙半岛,113.211184,23.39205,114.202104,22.321462
156,Gaungzhou,Hong Kong,广州,花都区,香港,香港岛,113.211184,23.39205,114.180828,22.270967
157,Gaungzhou,Hong Kong,广州,花都区,香港,新界,113.211184,23.39205,114.091194,22.396943
158,Gaungzhou,Macao,广州,花都区,澳门,澳门特别行政区,113.211184,23.39205,113.54909,22.198951
159,Gaungzhou,Shenzhen,广州,花都区,深圳,宝安区,113.211184,23.39205,113.828671,22.754741
160,Gaungzhou,Shenzhen,广州,花都区,深圳,南山区,113.211184,23.39205,113.92943,22.531221
161,Gaungzhou,Shenzhen,广州,花都区,深圳,福田区,113.211184,23.39205,114.05096,22.541009
162,Gaungzhou,Shenzhen,广州,花都区,深圳,盐田区,113.211184,23.39205,114.235366,22.555069
163,Gaungzhou,Shenzhen,广州,花都区,深圳,罗湖区,113.211184,23.39205,114.123885,22.555341
164,Gaungzhou,Shenzhen,广州,花都区,深圳,龙岗区,113.211184,23.39205,114.251372,22.721511
165,Gaungzhou,Shenzhen,广州,花都区,深圳,龙华区,113.211184,23.39205,114.044346,22.691963
166,Gaungzhou,Shenzhen,广州,花都区,深圳,坪山区,113.211184,23.39205,114.338441,22.69423
167,Gaungzhou,Shenzhen,广州,花都区,深圳,光明区,113.211184,23.39205,113.935895,22.748816
168,Gaungzhou,Zhuhai,广州,花都区,珠海,珠海市,113.211184,23.39205,113.553986,22.224979
169,Gaungzhou,Foshan,广州,花都区,佛山,佛山市,113.211184,23.39205,113.122717,23.028762
170,Gaungzhou,Huizhou,广州,花都区,惠州,惠州市,113.211184,23.39205,114.412599,23.079404
171,Gaungzhou,Dongguang,广州,花都区,东莞,东莞市,113.211184,23.39205,113.746262,23.046237
172,Gaungzhou,Zhongshan,广州,花都区,中山,中山市,113.211184,23.39205,113.382391,22.521113
173,Gaungzhou,Jiangmen,广州,花都区,江门,江门市,113.211184,23.39205,113.094942,22.590431
174,Gaungzhou,Zhaoqing,广州,花都区,肇庆,肇庆市,113.211184,23.39205,112.472529,23.051546
175,Gaungzhou,Hong Kong,广州,南沙区,香港,九龙半岛,113.53738,22.794531,114.202104,22.321462
176,Gaungzhou,Hong Kong,广州,南沙区,香港,香港岛,113.53738,22.794531,114.180828,22.270967
177,Gaungzhou,Hong Kong,广州,南沙区,香港,新界,113.53738,22.794531,114.091194,22.396943
178,Gaungzhou,Macao,广州,南沙区,澳门,澳门特别行政区,113.53738,22.794531,113.54909,22.198951
179,Gaungzhou,Shenzhen,广州,南沙区,深圳,宝安区,113.53738,22.794531,113.828671,22.754741
180,Gaungzhou,Shenzhen,广州,南沙区,深圳,南山区,113.53738,22.794531,113.92943,22.531221
181,Gaungzhou,Shenzhen,广州,南沙区,深圳,福田区,113.53738,22.794531,114.05096,22.541009
182,Gaungzhou,Shenzhen,广州,南沙区,深圳,盐田区,113.53738,22.794531,114.235366,22.555069
183,Gaungzhou,Shenzhen,广州,南沙区,深圳,罗湖区,113.53738,22.794531,114.123885,22.555341
184,Gaungzhou,Shenzhen,广州,南沙区,深圳,龙岗区,113.53738,22.794531,114.251372,22.721511
185,Gaungzhou,Shenzhen,广州,南沙区,深圳,龙华区,113.53738,22.794531,114.044346,22.691963
186,Gaungzhou,Shenzhen,广州,南沙区,深圳,坪山区,113.53738,22.794531,114.338441,22.69423
187,Gaungzhou,Shenzhen,广州,南沙区,深圳,光明区,113.53738,22.794531,113.935895,22.748816
188,Gaungzhou,Zhuhai,广州,南沙区,珠海,珠海市,113.53738,22.794531,113.553986,22.224979
189,Gaungzhou,Foshan,广州,南沙区,佛山,佛山市,113.53738,22.794531,113.122717,23.028762
190,Gaungzhou,Huizhou,广州,南沙区,惠州,惠州市,113.53738,22.794531,114.412599,23.079404
191,Gaungzhou,Dongguang,广州,南沙区,东莞,东莞市,113.53738,22.794531,113.746262,23.046237
192,Gaungzhou,Zhongshan,广州,南沙区,中山,中山市,113.53738,22.794531,113.382391,22.521113
193,Gaungzhou,Jiangmen,广州,南沙区,江门,江门市,113.53738,22.794531,113.094942,22.590431
194,Gaungzhou,Zhaoqing,广州,南沙区,肇庆,肇庆市,113.53738,22.794531,112.472529,23.051546
195,Gaungzhou,Hong Kong,广州,黄埔区,香港,九龙半岛,113.450761,23.103239,114.202104,22.321462
196,Gaungzhou,Hong Kong,广州,黄埔区,香港,香港岛,113.450761,23.103239,114.180828,22.270967
197,Gaungzhou,Hong Kong,广州,黄埔区,香港,新界,113.450761,23.103239,114.091194,22.396943
198,Gaungzhou,Macao,广州,黄埔区,澳门,澳门特别行政区,113.450761,23.103239,113.54909,22.198951
199,Gaungzhou,Shenzhen,广州,黄埔区,深圳,宝安区,113.450761,23.103239,113.828671,22.754741
200,Gaungzhou,Shenzhen,广州,黄埔区,深圳,南山区,113.450761,23.103239,113.92943,22.531221
201,Gaungzhou,Shenzhen,广州,黄埔区,深圳,福田区,113.450761,23.103239,114.05096,22.541009
202,Gaungzhou,Shenzhen,广州,黄埔区,深圳,盐田区,113.450761,23.103239,114.235366,22.555069
203,Gaungzhou,Shenzhen,广州,黄埔区,深圳,罗湖区,113.450761,23.103239,114.123885,22.555341
204,Gaungzhou,Shenzhen,广州,黄埔区,深圳,龙岗区,113.450761,23.103239,114.251372,22.721511
205,Gaungzhou,Shenzhen,广州,黄埔区,深圳,龙华区,113.450761,23.103239,114.044346,22.691963
206,Gaungzhou,Shenzhen,广州,黄埔区,深圳,坪山区,113.450761,23.103239,114.338441,22.69423
207,Gaungzhou,Shenzhen,广州,黄埔区,深圳,光明区,113.450761,23.103239,113.935895,22.748816
208,Gaungzhou,Zhuhai,广州,黄埔区,珠海,珠海市,113.450761,23.103239,113.553986,22.224979
209,Gaungzhou,Foshan,广州,黄埔区,佛山,佛山市,113.450761,23.103239,113.122717,23.028762
210,Gaungzhou,Huizhou,广州,黄埔区,惠州,惠州市,113.450761,23.103239,114.412599,23.079404
211,Gaungzhou,Dongguang,广州,黄埔区,东莞,东莞市,113.450761,23.103239,113.746262,23.046237
212,Gaungzhou,Zhongshan,广州,黄埔区,中山,中山市,113.450761,23.103239,113.382391,22.521113
213,Gaungzhou,Jiangmen,广州,黄埔区,江门,江门市,113.450761,23.103239,113.094942,22.590431
214,Gaungzhou,Zhaoqing,广州,黄埔区,肇庆,肇庆市,113.450761,23.103239,112.472529,23.051546
215,Gaungzhou,Hong Kong,广州,天河区,香港,九龙半岛,113.335367,23.13559,114.202104,22.321462
216,Gaungzhou,Hong Kong,广州,天河区,香港,香港岛,113.335367,23.13559,114.180828,22.270967
217,Gaungzhou,Hong Kong,广州,天河区,香港,新界,113.335367,23.13559,114.091194,22.396943
218,Gaungzhou,Macao,广州,天河区,澳门,澳门特别行政区,113.335367,23.13559,113.54909,22.198951
219,Gaungzhou,Shenzhen,广州,天河区,深圳,宝安区,113.335367,23.13559,113.828671,22.754741
220,Gaungzhou,Shenzhen,广州,天河区,深圳,南山区,113.335367,23.13559,113.92943,22.531221
221,Gaungzhou,Shenzhen,广州,天河区,深圳,福田区,113.335367,23.13559,114.05096,22.541009
222,Gaungzhou,Shenzhen,广州,天河区,深圳,盐田区,113.335367,23.13559,114.235366,22.555069
223,Gaungzhou,Shenzhen,广州,天河区,深圳,罗湖区,113.335367,23.13559,114.123885,22.555341
224,Gaungzhou,Shenzhen,广州,天河区,深圳,龙岗区,113.335367,23.13559,114.251372,22.721511
225,Gaungzhou,Shenzhen,广州,天河区,深圳,龙华区,113.335367,23.13559,114.044346,22.691963
226,Gaungzhou,Shenzhen,广州,天河区,深圳,坪山区,113.335367,23.13559,114.338441,22.69423
227,Gaungzhou,Shenzhen,广州,天河区,深圳,光明区,113.335367,23.13559,113.935895,22.748816
228,Gaungzhou,Zhuhai,广州,天河区,珠海,珠海市,113.335367,23.13559,113.553986,22.224979
229,Gaungzhou,Foshan,广州,天河区,佛山,佛山市,113.335367,23.13559,113.122717,23.028762
230,Gaungzhou,Huizhou,广州,天河区,惠州,惠州市,113.335367,23.13559,114.412599,23.079404
231,Gaungzhou,Dongguang,广州,天河区,东莞,东莞市,113.335367,23.13559,113.746262,23.046237
232,Gaungzhou,Zhongshan,广州,天河区,中山,中山市,113.335367,23.13559,113.382391,22.521113
233,Gaungzhou,Jiangmen,广州,天河区,江门,江门市,113.335367,23.13559,113.094942,22.590431
234,Gaungzhou,Zhaoqing,广州,天河区,肇庆,肇庆市,113.335367,23.13559,112.472529,23.051546
235,Gaungzhou,Hong Kong,广州,白云区,香港,九龙半岛,113.262831,23.162281,114.202104,22.321462
236,Gaungzhou,Hong Kong,广州,白云区,香港,香港岛,113.262831,23.162281,114.180828,22.270967
237,Gaungzhou,Hong Kong,广州,白云区,香港,新界,113.262831,23.162281,114.091194,22.396943
238,Gaungzhou,Macao,广州,白云区,澳门,澳门特别行政区,113.262831,23.162281,113.54909,22.198951
239,Gaungzhou,Shenzhen,广州,白云区,深圳,宝安区,113.262831,23.162281,113.828671,22.754741
240,Gaungzhou,Shenzhen,广州,白云区,深圳,南山区,113.262831,23.162281,113.92943,22.531221
241,Gaungzhou,Shenzhen,广州,白云区,深圳,福田区,113.262831,23.162281,114.05096,22.541009
242,Gaungzhou,Shenzhen,广州,白云区,深圳,盐田区,113.262831,23.162281,114.235366,22.555069
243,Gaungzhou,Shenzhen,广州,白云区,深圳,罗湖区,113.262831,23.162281,114.123885,22.555341
244,Gaungzhou,Shenzhen,广州,白云区,深圳,龙岗区,113.262831,23.162281,114.251372,22.721511
245,Gaungzhou,Shenzhen,广州,白云区,深圳,龙华区,113.262831,23.162281,114.044346,22.691963
246,Gaungzhou,Shenzhen,广州,白云区,深圳,坪山区,113.262831,23.162281,114.338441,22.69423
247,Gaungzhou,Shenzhen,广州,白云区,深圳,光明区,113.262831,23.162281,113.935895,22.748816
248,Gaungzhou,Zhuhai,广州,白云区,珠海,珠海市,113.262831,23.162281,113.553986,22.224979
249,Gaungzhou,Foshan,广州,白云区,佛山,佛山市,113.262831,23.162281,113.122717,23.028762
250,Gaungzhou,Huizhou,广州,白云区,惠州,惠州市,113.262831,23.162281,114.412599,23.079404
251,Gaungzhou,Dongguang,广州,白云区,东莞,东莞市,113.262831,23.162281,113.746262,23.046237
252,Gaungzhou,Zhongshan,广州,白云区,中山,中山市,113.262831,23.162281,113.382391,22.521113
253,Gaungzhou,Jiangmen,广州,白云区,江门,江门市,113.262831,23.162281,113.094942,22.590431
254,Gaungzhou,Zhaoqing,广州,白云区,肇庆,肇庆市,113.262831,23.162281,112.472529,23.051546
255,Gaungzhou,Hong Kong,广州,番禺区,香港,九龙半岛,113.364619,22.938582,114.202104,22.321462
256,Gaungzhou,Hong Kong,广州,番禺区,香港,香港岛,113.364619,22.938582,114.180828,22.270967
257,Gaungzhou,Hong Kong,广州,番禺区,香港,新界,113.364619,22.938582,114.091194,22.396943
258,Gaungzhou,Macao,广州,番禺区,澳门,澳门特别行政区,113.364619,22.938582,113.54909,22.198951
259,Gaungzhou,Shenzhen,广州,番禺区,深圳,宝安区,113.364619,22.938582,113.828671,22.754741
260,Gaungzhou,Shenzhen,广州,番禺区,深圳,南山区,113.364619,22.938582,113.92943,22.531221
261,Gaungzhou,Shenzhen,广州,番禺区,深圳,福田区,113.364619,22.938582,114.05096,22.541009
262,Gaungzhou,Shenzhen,广州,番禺区,深圳,盐田区,113.364619,22.938582,114.235366,22.555069
263,Gaungzhou,Shenzhen,广州,番禺区,深圳,罗湖区,113.364619,22.938582,114.123885,22.555341
264,Gaungzhou,Shenzhen,广州,番禺区,深圳,龙岗区,113.364619,22.938582,114.251372,22.721511
265,Gaungzhou,Shenzhen,广州,番禺区,深圳,龙华区,113.364619,22.938582,114.044346,22.691963
266,Gaungzhou,Shenzhen,广州,番禺区,深圳,坪山区,113.364619,22.938582,114.338441,22.69423
267,Gaungzhou,Shenzhen,广州,番禺区,深圳,光明区,113.364619,22.938582,113.935895,22.748816
268,Gaungzhou,Zhuhai,广州,番禺区,珠海,珠海市,113.364619,22.938582,113.553986,22.224979
269,Gaungzhou,Foshan,广州,番禺区,佛山,佛山市,113.364619,22.938582,113.122717,23.028762
270,Gaungzhou,Huizhou,广州,番禺区,惠州,惠州市,113.364619,22.938582,114.412599,23.079404
271,Gaungzhou,Dongguang,广州,番禺区,东莞,东莞市,113.364619,22.938582,113.746262,23.046237
272,Gaungzhou,Zhongshan,广州,番禺区,中山,中山市,113.364619,22.938582,113.382391,22.521113
273,Gaungzhou,Jiangmen,广州,番禺区,江门,江门市,113.364619,22.938582,113.094942,22.590431
274,Gaungzhou,Zhaoqing,广州,番禺区,肇庆,肇庆市,113.364619,22.938582,112.472529,23.051546
275,Gaungzhou,Hong Kong,广州,海珠区,香港,九龙半岛,113.262008,23.103131,114.202104,22.321462
276,Gaungzhou,Hong Kong,广州,海珠区,香港,香港岛,113.262008,23.103131,114.180828,22.270967
277,Gaungzhou,Hong Kong,广州,海珠区,香港,新界,113.262008,23.103131,114.091194,22.396943
278,Gaungzhou,Macao,广州,海珠区,澳门,澳门特别行政区,113.262008,23.103131,113.54909,22.198951
279,Gaungzhou,Shenzhen,广州,海珠区,深圳,宝安区,113.262008,23.103131,113.828671,22.754741
280,Gaungzhou,Shenzhen,广州,海珠区,深圳,南山区,113.262008,23.103131,113.92943,22.531221
281,Gaungzhou,Shenzhen,广州,海珠区,深圳,福田区,113.262008,23.103131,114.05096,22.541009
282,Gaungzhou,Shenzhen,广州,海珠区,深圳,盐田区,113.262008,23.103131,114.235366,22.555069
283,Gaungzhou,Shenzhen,广州,海珠区,深圳,罗湖区,113.262008,23.103131,114.123885,22.555341
284,Gaungzhou,Shenzhen,广州,海珠区,深圳,龙岗区,113.262008,23.103131,114.251372,22.721511
285,Gaungzhou,Shenzhen,广州,海珠区,深圳,龙华区,113.262008,23.103131,114.044346,22.691963
286,Gaungzhou,Shenzhen,广州,海珠区,深圳,坪山区,113.262008,23.103131,114.338441,22.69423
287,Gaungzhou,Shenzhen,广州,海珠区,深圳,光明区,113.262008,23.103131,113.935895,22.748816
288,Gaungzhou,Zhuhai,广州,海珠区,珠海,珠海市,113.262008,23.103131,113.553986,22.224979
289,Gaungzhou,Foshan,广州,海珠区,佛山,佛山市,113.262008,23.103131,113.122717,23.028762
290,Gaungzhou,Huizhou,广州,海珠区,惠州,惠州市,113.262008,23.103131,114.412599,23.079404
291,Gaungzhou,Dongguang,广州,海珠区,东莞,东莞市,113.262008,23.103131,113.746262,23.046237
292,Gaungzhou,Zhongshan,广州,海珠区,中山,中山市,113.262008,23.103131,113.382391,22.521113
293,Gaungzhou,Jiangmen,广州,海珠区,江门,江门市,113.262008,23.103131,113.094942,22.590431
294,Gaungzhou,Zhaoqing,广州,海珠区,肇庆,肇庆市,113.262008,23.103131,112.472529,23.051546
295,Gaungzhou,Hong Kong,广州,越秀区,香港,九龙半岛,113.280714,23.125624,114.202104,22.321462
296,Gaungzhou,Hong Kong,广州,越秀区,香港,香港岛,113.280714,23.125624,114.180828,22.270967
297,Gaungzhou,Hong Kong,广州,越秀区,香港,新界,113.280714,23.125624,114.091194,22.396943
298,Gaungzhou,Macao,广州,越秀区,澳门,澳门特别行政区,113.280714,23.125624,113.54909,22.198951
299,Gaungzhou,Shenzhen,广州,越秀区,深圳,宝安区,113.280714,23.125624,113.828671,22.754741
300,Gaungzhou,Shenzhen,广州,越秀区,深圳,南山区,113.280714,23.125624,113.92943,22.531221
301,Gaungzhou,Shenzhen,广州,越秀区,深圳,福田区,113.280714,23.125624,114.05096,22.541009
302,Gaungzhou,Shenzhen,广州,越秀区,深圳,盐田区,113.280714,23.125624,114.235366,22.555069
303,Gaungzhou,Shenzhen,广州,越秀区,深圳,罗湖区,113.280714,23.125624,114.123885,22.555341
304,Gaungzhou,Shenzhen,广州,越秀区,深圳,龙岗区,113.280714,23.125624,114.251372,22.721511
305,Gaungzhou,Shenzhen,广州,越秀区,深圳,龙华区,113.280714,23.125624,114.044346,22.691963
306,Gaungzhou,Shenzhen,广州,越秀区,深圳,坪山区,113.280714,23.125624,114.338441,22.69423
307,Gaungzhou,Shenzhen,广州,越秀区,深圳,光明区,113.280714,23.125624,113.935895,22.748816
308,Gaungzhou,Zhuhai,广州,越秀区,珠海,珠海市,113.280714,23.125624,113.553986,22.224979
309,Gaungzhou,Foshan,广州,越秀区,佛山,佛山市,113.280714,23.125624,113.122717,23.028762
310,Gaungzhou,Huizhou,广州,越秀区,惠州,惠州市,113.280714,23.125624,114.412599,23.079404
311,Gaungzhou,Dongguang,广州,越秀区,东莞,东莞市,113.280714,23.125624,113.746262,23.046237
312,Gaungzhou,Zhongshan,广州,越秀区,中山,中山市,113.280714,23.125624,113.382391,22.521113
313,Gaungzhou,Jiangmen,广州,越秀区,江门,江门市,113.280714,23.125624,113.094942,22.590431
314,Gaungzhou,Zhaoqing,广州,越秀区,肇庆,肇庆市,113.280714,23.125624,112.472529,23.051546
315,Gaungzhou,Hong Kong,广州,荔湾区,香港,九龙半岛,113.243038,23.124943,114.202104,22.321462
316,Gaungzhou,Hong Kong,广州,荔湾区,香港,香港岛,113.243038,23.124943,114.180828,22.270967
317,Gaungzhou,Hong Kong,广州,荔湾区,香港,新界,113.243038,23.124943,114.091194,22.396943
318,Gaungzhou,Macao,广州,荔湾区,澳门,澳门特别行政区,113.243038,23.124943,113.54909,22.198951
319,Gaungzhou,Shenzhen,广州,荔湾区,深圳,宝安区,113.243038,23.124943,113.828671,22.754741
320,Gaungzhou,Shenzhen,广州,荔湾区,深圳,南山区,113.243038,23.124943,113.92943,22.531221
321,Gaungzhou,Shenzhen,广州,荔湾区,深圳,福田区,113.243038,23.124943,114.05096,22.541009
322,Gaungzhou,Shenzhen,广州,荔湾区,深圳,盐田区,113.243038,23.124943,114.235366,22.555069
323,Gaungzhou,Shenzhen,广州,荔湾区,深圳,罗湖区,113.243038,23.124943,114.123885,22.555341
324,Gaungzhou,Shenzhen,广州,荔湾区,深圳,龙岗区,113.243038,23.124943,114.251372,22.721511
325,Gaungzhou,Shenzhen,广州,荔湾区,深圳,龙华区,113.243038,23.124943,114.044346,22.691963
326,Gaungzhou,Shenzhen,广州,荔湾区,深圳,坪山区,113.243038,23.124943,114.338441,22.69423
327,Gaungzhou,Shenzhen,广州,荔湾区,深圳,光明区,113.243038,23.124943,113.935895,22.748816
328,Gaungzhou,Zhuhai,广州,荔湾区,珠海,珠海市,113.243038,23.124943,113.553986,22.224979
329,Gaungzhou,Foshan,广州,荔湾区,佛山,佛山市,113.243038,23.124943,113.122717,23.028762
330,Gaungzhou,Huizhou,广州,荔湾区,惠州,惠州市,113.243038,23.124943,114.412599,23.079404
331,Gaungzhou,Dongguang,广州,荔湾区,东莞,东莞市,113.243038,23.124943,113.746262,23.046237
332,Gaungzhou,Zhongshan,广州,荔湾区,中山,中山市,113.243038,23.124943,113.382391,22.521113
333,Gaungzhou,Jiangmen,广州,荔湾区,江门,江门市,113.243038,23.124943,113.094942,22.590431
334,Gaungzhou,Zhaoqing,广州,荔湾区,肇庆,肇庆市,113.243038,23.124943,112.472529,23.051546
335,Shenzhen,Hong Kong,深圳,宝安区,香港,九龙半岛,113.828671,22.754741,114.202104,22.321462
336,Shenzhen,Hong Kong,深圳,宝安区,香港,香港岛,113.828671,22.754741,114.180828,22.270967
337,Shenzhen,Hong Kong,深圳,宝安区,香港,新界,113.828671,22.754741,114.091194,22.396943
338,Shenzhen,Macao,深圳,宝安区,澳门,澳门特别行政区,113.828671,22.754741,113.54909,22.198951
339,Shenzhen,Gaungzhou,深圳,宝安区,广州,从化区,113.828671,22.754741,113.587386,23.545283
340,Shenzhen,Gaungzhou,深圳,宝安区,广州,增城区,113.828671,22.754741,113.829579,23.290497
341,Shenzhen,Gaungzhou,深圳,宝安区,广州,花都区,113.828671,22.754741,113.211184,23.39205
342,Shenzhen,Gaungzhou,深圳,宝安区,广州,南沙区,113.828671,22.754741,113.53738,22.794531
343,Shenzhen,Gaungzhou,深圳,宝安区,广州,黄埔区,113.828671,22.754741,113.450761,23.103239
344,Shenzhen,Gaungzhou,深圳,宝安区,广州,天河区,113.828671,22.754741,113.335367,23.13559
345,Shenzhen,Gaungzhou,深圳,宝安区,广州,白云区,113.828671,22.754741,113.262831,23.162281
346,Shenzhen,Gaungzhou,深圳,宝安区,广州,番禺区,113.828671,22.754741,113.364619,22.938582
347,Shenzhen,Gaungzhou,深圳,宝安区,广州,海珠区,113.828671,22.754741,113.262008,23.103131
348,Shenzhen,Gaungzhou,深圳,宝安区,广州,越秀区,113.828671,22.754741,113.280714,23.125624
349,Shenzhen,Gaungzhou,深圳,宝安区,广州,荔湾区,113.828671,22.754741,113.243038,23.124943
350,Shenzhen,Zhuhai,深圳,宝安区,珠海,珠海市,113.828671,22.754741,113.553986,22.224979
351,Shenzhen,Foshan,深圳,宝安区,佛山,佛山市,113.828671,22.754741,113.122717,23.028762
352,Shenzhen,Huizhou,深圳,宝安区,惠州,惠州市,113.828671,22.754741,114.412599,23.079404
353,Shenzhen,Dongguang,深圳,宝安区,东莞,东莞市,113.828671,22.754741,113.746262,23.046237
354,Shenzhen,Zhongshan,深圳,宝安区,中山,中山市,113.828671,22.754741,113.382391,22.521113
355,Shenzhen,Jiangmen,深圳,宝安区,江门,江门市,113.828671,22.754741,113.094942,22.590431
356,Shenzhen,Zhaoqing,深圳,宝安区,肇庆,肇庆市,113.828671,22.754741,112.472529,23.051546
357,Shenzhen,Hong Kong,深圳,南山区,香港,九龙半岛,113.92943,22.531221,114.202104,22.321462
358,Shenzhen,Hong Kong,深圳,南山区,香港,香港岛,113.92943,22.531221,114.180828,22.270967
359,Shenzhen,Hong Kong,深圳,南山区,香港,新界,113.92943,22.531221,114.091194,22.396943
360,Shenzhen,Macao,深圳,南山区,澳门,澳门特别行政区,113.92943,22.531221,113.54909,22.198951
361,Shenzhen,Gaungzhou,深圳,南山区,广州,从化区,113.92943,22.531221,113.587386,23.545283
362,Shenzhen,Gaungzhou,深圳,南山区,广州,增城区,113.92943,22.531221,113.829579,23.290497
363,Shenzhen,Gaungzhou,深圳,南山区,广州,花都区,113.92943,22.531221,113.211184,23.39205
364,Shenzhen,Gaungzhou,深圳,南山区,广州,南沙区,113.92943,22.531221,113.53738,22.794531
365,Shenzhen,Gaungzhou,深圳,南山区,广州,黄埔区,113.92943,22.531221,113.450761,23.103239
366,Shenzhen,Gaungzhou,深圳,南山区,广州,天河区,113.92943,22.531221,113.335367,23.13559
367,Shenzhen,Gaungzhou,深圳,南山区,广州,白云区,113.92943,22.531221,113.262831,23.162281
368,Shenzhen,Gaungzhou,深圳,南山区,广州,番禺区,113.92943,22.531221,113.364619,22.938582
369,Shenzhen,Gaungzhou,深圳,南山区,广州,海珠区,113.92943,22.531221,113.262008,23.103131
370,Shenzhen,Gaungzhou,深圳,南山区,广州,越秀区,113.92943,22.531221,113.280714,23.125624
371,Shenzhen,Gaungzhou,深圳,南山区,广州,荔湾区,113.92943,22.531221,113.243038,23.124943
372,Shenzhen,Zhuhai,深圳,南山区,珠海,珠海市,113.92943,22.531221,113.553986,22.224979
373,Shenzhen,Foshan,深圳,南山区,佛山,佛山市,113.92943,22.531221,113.122717,23.028762
374,Shenzhen,Huizhou,深圳,南山区,惠州,惠州市,113.92943,22.531221,114.412599,23.079404
375,Shenzhen,Dongguang,深圳,南山区,东莞,东莞市,113.92943,22.531221,113.746262,23.046237
376,Shenzhen,Zhongshan,深圳,南山区,中山,中山市,113.92943,22.531221,113.382391,22.521113
377,Shenzhen,Jiangmen,深圳,南山区,江门,江门市,113.92943,22.531221,113.094942,22.590431
378,Shenzhen,Zhaoqing,深圳,南山区,肇庆,肇庆市,113.92943,22.531221,112.472529,23.051546
379,Shenzhen,Hong Kong,深圳,福田区,香港,九龙半岛,114.05096,22.541009,114.202104,22.321462
380,Shenzhen,Hong Kong,深圳,福田区,香港,香港岛,114.05096,22.541009,114.180828,22.270967
381,Shenzhen,Hong Kong,深圳,福田区,香港,新界,114.05096,22.541009,114.091194,22.396943
382,Shenzhen,Macao,深圳,福田区,澳门,澳门特别行政区,114.05096,22.541009,113.54909,22.198951
383,Shenzhen,Gaungzhou,深圳,福田区,广州,从化区,114.05096,22.541009,113.587386,23.545283
384,Shenzhen,Gaungzhou,深圳,福田区,广州,增城区,114.05096,22.541009,113.829579,23.290497
385,Shenzhen,Gaungzhou,深圳,福田区,广州,花都区,114.05096,22.541009,113.211184,23.39205
386,Shenzhen,Gaungzhou,深圳,福田区,广州,南沙区,114.05096,22.541009,113.53738,22.794531
387,Shenzhen,Gaungzhou,深圳,福田区,广州,黄埔区,114.05096,22.541009,113.450761,23.103239
388,Shenzhen,Gaungzhou,深圳,福田区,广州,天河区,114.05096,22.541009,113.335367,23.13559
389,Shenzhen,Gaungzhou,深圳,福田区,广州,白云区,114.05096,22.541009,113.262831,23.162281
390,Shenzhen,Gaungzhou,深圳,福田区,广州,番禺区,114.05096,22.541009,113.364619,22.938582
391,Shenzhen,Gaungzhou,深圳,福田区,广州,海珠区,114.05096,22.541009,113.262008,23.103131
392,Shenzhen,Gaungzhou,深圳,福田区,广州,越秀区,114.05096,22.541009,113.280714,23.125624
393,Shenzhen,Gaungzhou,深圳,福田区,广州,荔湾区,114.05096,22.541009,113.243038,23.124943
394,Shenzhen,Zhuhai,深圳,福田区,珠海,珠海市,114.05096,22.541009,113.553986,22.224979
395,Shenzhen,Foshan,深圳,福田区,佛山,佛山市,114.05096,22.541009,113.122717,23.028762
396,Shenzhen,Huizhou,深圳,福田区,惠州,惠州市,114.05096,22.541009,114.412599,23.079404
397,Shenzhen,Dongguang,深圳,福田区,东莞,东莞市,114.05096,22.541009,113.746262,23.046237
398,Shenzhen,Zhongshan,深圳,福田区,中山,中山市,114.05096,22.541009,113.382391,22.521113
399,Shenzhen,Jiangmen,深圳,福田区,江门,江门市,114.05096,22.541009,113.094942,22.590431
400,Shenzhen,Zhaoqing,深圳,福田区,肇庆,肇庆市,114.05096,22.541009,112.472529,23.051546
401,Shenzhen,Hong Kong,深圳,盐田区,香港,九龙半岛,114.235366,22.555069,114.202104,22.321462
402,Shenzhen,Hong Kong,深圳,盐田区,香港,香港岛,114.235366,22.555069,114.180828,22.270967
403,Shenzhen,Hong Kong,深圳,盐田区,香港,新界,114.235366,22.555069,114.091194,22.396943
404,Shenzhen,Macao,深圳,盐田区,澳门,澳门特别行政区,114.235366,22.555069,113.54909,22.198951
405,Shenzhen,Gaungzhou,深圳,盐田区,广州,从化区,114.235366,22.555069,113.587386,23.545283
406,Shenzhen,Gaungzhou,深圳,盐田区,广州,增城区,114.235366,22.555069,113.829579,23.290497
407,Shenzhen,Gaungzhou,深圳,盐田区,广州,花都区,114.235366,22.555069,113.211184,23.39205
408,Shenzhen,Gaungzhou,深圳,盐田区,广州,南沙区,114.235366,22.555069,113.53738,22.794531
409,Shenzhen,Gaungzhou,深圳,盐田区,广州,黄埔区,114.235366,22.555069,113.450761,23.103239
410,Shenzhen,Gaungzhou,深圳,盐田区,广州,天河区,114.235366,22.555069,113.335367,23.13559
411,Shenzhen,Gaungzhou,深圳,盐田区,广州,白云区,114.235366,22.555069,113.262831,23.162281
412,Shenzhen,Gaungzhou,深圳,盐田区,广州,番禺区,114.235366,22.555069,113.364619,22.938582
413,Shenzhen,Gaungzhou,深圳,盐田区,广州,海珠区,114.235366,22.555069,113.262008,23.103131
414,Shenzhen,Gaungzhou,深圳,盐田区,广州,越秀区,114.235366,22.555069,113.280714,23.125624
415,Shenzhen,Gaungzhou,深圳,盐田区,广州,荔湾区,114.235366,22.555069,113.243038,23.124943
416,Shenzhen,Zhuhai,深圳,盐田区,珠海,珠海市,114.235366,22.555069,113.553986,22.224979
417,Shenzhen,Foshan,深圳,盐田区,佛山,佛山市,114.235366,22.555069,113.122717,23.028762
418,Shenzhen,Huizhou,深圳,盐田区,惠州,惠州市,114.235366,22.555069,114.412599,23.079404
419,Shenzhen,Dongguang,深圳,盐田区,东莞,东莞市,114.235366,22.555069,113.746262,23.046237
420,Shenzhen,Zhongshan,深圳,盐田区,中山,中山市,114.235366,22.555069,113.382391,22.521113
421,Shenzhen,Jiangmen,深圳,盐田区,江门,江门市,114.235366,22.555069,113.094942,22.590431
422,Shenzhen,Zhaoqing,深圳,盐田区,肇庆,肇庆市,114.235366,22.555069,112.472529,23.051546
423,Shenzhen,Hong Kong,深圳,罗湖区,香港,九龙半岛,114.123885,22.555341,114.202104,22.321462
424,Shenzhen,Hong Kong,深圳,罗湖区,香港,香港岛,114.123885,22.555341,114.180828,22.270967
425,Shenzhen,Hong Kong,深圳,罗湖区,香港,新界,114.123885,22.555341,114.091194,22.396943
426,Shenzhen,Macao,深圳,罗湖区,澳门,澳门特别行政区,114.123885,22.555341,113.54909,22.198951
427,Shenzhen,Gaungzhou,深圳,罗湖区,广州,从化区,114.123885,22.555341,113.587386,23.545283
428,Shenzhen,Gaungzhou,深圳,罗湖区,广州,增城区,114.123885,22.555341,113.829579,23.290497
429,Shenzhen,Gaungzhou,深圳,罗湖区,广州,花都区,114.123885,22.555341,113.211184,23.39205
430,Shenzhen,Gaungzhou,深圳,罗湖区,广州,南沙区,114.123885,22.555341,113.53738,22.794531
431,Shenzhen,Gaungzhou,深圳,罗湖区,广州,黄埔区,114.123885,22.555341,113.450761,23.103239
432,Shenzhen,Gaungzhou,深圳,罗湖区,广州,天河区,114.123885,22.555341,113.335367,23.13559
433,Shenzhen,Gaungzhou,深圳,罗湖区,广州,白云区,114.123885,22.555341,113.262831,23.162281
434,Shenzhen,Gaungzhou,深圳,罗湖区,广州,番禺区,114.123885,22.555341,113.364619,22.938582
435,Shenzhen,Gaungzhou,深圳,罗湖区,广州,海珠区,114.123885,22.555341,113.262008,23.103131
436,Shenzhen,Gaungzhou,深圳,罗湖区,广州,越秀区,114.123885,22.555341,113.280714,23.125624
437,Shenzhen,Gaungzhou,深圳,罗湖区,广州,荔湾区,114.123885,22.555341,113.243038,23.124943
438,Shenzhen,Zhuhai,深圳,罗湖区,珠海,珠海市,114.123885,22.555341,113.553986,22.224979
439,Shenzhen,Foshan,深圳,罗湖区,佛山,佛山市,114.123885,22.555341,113.122717,23.028762
440,Shenzhen,Huizhou,深圳,罗湖区,惠州,惠州市,114.123885,22.555341,114.412599,23.079404
441,Shenzhen,Dongguang,深圳,罗湖区,东莞,东莞市,114.123885,22.555341,113.746262,23.046237
442,Shenzhen,Zhongshan,深圳,罗湖区,中山,中山市,114.123885,22.555341,113.382391,22.521113
443,Shenzhen,Jiangmen,深圳,罗湖区,江门,江门市,114.123885,22.555341,113.094942,22.590431
444,Shenzhen,Zhaoqing,深圳,罗湖区,肇庆,肇庆市,114.123885,22.555341,112.472529,23.051546
445,Shenzhen,Hong Kong,深圳,龙岗区,香港,九龙半岛,114.251372,22.721511,114.202104,22.321462
446,Shenzhen,Hong Kong,深圳,龙岗区,香港,香港岛,114.251372,22.721511,114.180828,22.270967
447,Shenzhen,Hong Kong,深圳,龙岗区,香港,新界,114.251372,22.721511,114.091194,22.396943
448,Shenzhen,Macao,深圳,龙岗区,澳门,澳门特别行政区,114.251372,22.721511,113.54909,22.198951
449,Shenzhen,Gaungzhou,深圳,龙岗区,广州,从化区,114.251372,22.721511,113.587386,23.545283
450,Shenzhen,Gaungzhou,深圳,龙岗区,广州,增城区,114.251372,22.721511,113.829579,23.290497
451,Shenzhen,Gaungzhou,深圳,龙岗区,广州,花都区,114.251372,22.721511,113.211184,23.39205
452,Shenzhen,Gaungzhou,深圳,龙岗区,广州,南沙区,114.251372,22.721511,113.53738,22.794531
453,Shenzhen,Gaungzhou,深圳,龙岗区,广州,黄埔区,114.251372,22.721511,113.450761,23.103239
454,Shenzhen,Gaungzhou,深圳,龙岗区,广州,天河区,114.251372,22.721511,113.335367,23.13559
455,Shenzhen,Gaungzhou,深圳,龙岗区,广州,白云区,114.251372,22.721511,113.262831,23.162281
456,Shenzhen,Gaungzhou,深圳,龙岗区,广州,番禺区,114.251372,22.721511,113.364619,22.938582
457,Shenzhen,Gaungzhou,深圳,龙岗区,广州,海珠区,114.251372,22.721511,113.262008,23.103131
458,Shenzhen,Gaungzhou,深圳,龙岗区,广州,越秀区,114.251372,22.721511,113.280714,23.125624
459,Shenzhen,Gaungzhou,深圳,龙岗区,广州,荔湾区,114.251372,22.721511,113.243038,23.124943
460,Shenzhen,Zhuhai,深圳,龙岗区,珠海,珠海市,114.251372,22.721511,113.553986,22.224979
461,Shenzhen,Foshan,深圳,龙岗区,佛山,佛山市,114.251372,22.721511,113.122717,23.028762
462,Shenzhen,Huizhou,深圳,龙岗区,惠州,惠州市,114.251372,22.721511,114.412599,23.079404
463,Shenzhen,Dongguang,深圳,龙岗区,东莞,东莞市,114.251372,22.721511,113.746262,23.046237
464,Shenzhen,Zhongshan,深圳,龙岗区,中山,中山市,114.251372,22.721511,113.382391,22.521113
465,Shenzhen,Jiangmen,深圳,龙岗区,江门,江门市,114.251372,22.721511,113.094942,22.590431
466,Shenzhen,Zhaoqing,深圳,龙岗区,肇庆,肇庆市,114.251372,22.721511,112.472529,23.051546
467,Shenzhen,Hong Kong,深圳,龙华区,香港,九龙半岛,114.044346,22.691963,114.202104,22.321462
468,Shenzhen,Hong Kong,深圳,龙华区,香港,香港岛,114.044346,22.691963,114.180828,22.270967
469,Shenzhen,Hong Kong,深圳,龙华区,香港,新界,114.044346,22.691963,114.091194,22.396943
470,Shenzhen,Macao,深圳,龙华区,澳门,澳门特别行政区,114.044346,22.691963,113.54909,22.198951
471,Shenzhen,Gaungzhou,深圳,龙华区,广州,从化区,114.044346,22.691963,113.587386,23.545283
472,Shenzhen,Gaungzhou,深圳,龙华区,广州,增城区,114.044346,22.691963,113.829579,23.290497
473,Shenzhen,Gaungzhou,深圳,龙华区,广州,花都区,114.044346,22.691963,113.211184,23.39205
474,Shenzhen,Gaungzhou,深圳,龙华区,广州,南沙区,114.044346,22.691963,113.53738,22.794531
475,Shenzhen,Gaungzhou,深圳,龙华区,广州,黄埔区,114.044346,22.691963,113.450761,23.103239
476,Shenzhen,Gaungzhou,深圳,龙华区,广州,天河区,114.044346,22.691963,113.335367,23.13559
477,Shenzhen,Gaungzhou,深圳,龙华区,广州,白云区,114.044346,22.691963,113.262831,23.162281
478,Shenzhen,Gaungzhou,深圳,龙华区,广州,番禺区,114.044346,22.691963,113.364619,22.938582
479,Shenzhen,Gaungzhou,深圳,龙华区,广州,海珠区,114.044346,22.691963,113.262008,23.103131
480,Shenzhen,Gaungzhou,深圳,龙华区,广州,越秀区,114.044346,22.691963,113.280714,23.125624
481,Shenzhen,Gaungzhou,深圳,龙华区,广州,荔湾区,114.044346,22.691963,113.243038,23.124943
482,Shenzhen,Zhuhai,深圳,龙华区,珠海,珠海市,114.044346,22.691963,113.553986,22.224979
483,Shenzhen,Foshan,深圳,龙华区,佛山,佛山市,114.044346,22.691963,113.122717,23.028762
484,Shenzhen,Huizhou,深圳,龙华区,惠州,惠州市,114.044346,22.691963,114.412599,23.079404
485,Shenzhen,Dongguang,深圳,龙华区,东莞,东莞市,114.044346,22.691963,113.746262,23.046237
486,Shenzhen,Zhongshan,深圳,龙华区,中山,中山市,114.044346,22.691963,113.382391,22.521113
487,Shenzhen,Jiangmen,深圳,龙华区,江门,江门市,114.044346,22.691963,113.094942,22.590431
488,Shenzhen,Zhaoqing,深圳,龙华区,肇庆,肇庆市,114.044346,22.691963,112.472529,23.051546
489,Shenzhen,Hong Kong,深圳,坪山区,香港,九龙半岛,114.338441,22.69423,114.202104,22.321462
490,Shenzhen,Hong Kong,深圳,坪山区,香港,香港岛,114.338441,22.69423,114.180828,22.270967
491,Shenzhen,Hong Kong,深圳,坪山区,香港,新界,114.338441,22.69423,114.091194,22.396943
492,Shenzhen,Macao,深圳,坪山区,澳门,澳门特别行政区,114.338441,22.69423,113.54909,22.198951
493,Shenzhen,Gaungzhou,深圳,坪山区,广州,从化区,114.338441,22.69423,113.587386,23.545283
494,Shenzhen,Gaungzhou,深圳,坪山区,广州,增城区,114.338441,22.69423,113.829579,23.290497
495,Shenzhen,Gaungzhou,深圳,坪山区,广州,花都区,114.338441,22.69423,113.211184,23.39205
496,Shenzhen,Gaungzhou,深圳,坪山区,广州,南沙区,114.338441,22.69423,113.53738,22.794531
497,Shenzhen,Gaungzhou,深圳,坪山区,广州,黄埔区,114.338441,22.69423,113.450761,23.103239
498,Shenzhen,Gaungzhou,深圳,坪山区,广州,天河区,114.338441,22.69423,113.335367,23.13559
499,Shenzhen,Gaungzhou,深圳,坪山区,广州,白云区,114.338441,22.69423,113.262831,23.162281
500,Shenzhen,Gaungzhou,深圳,坪山区,广州,番禺区,114.338441,22.69423,113.364619,22.938582
501,Shenzhen,Gaungzhou,深圳,坪山区,广州,海珠区,114.338441,22.69423,113.262008,23.103131
502,Shenzhen,Gaungzhou,深圳,坪山区,广州,越秀区,114.338441,22.69423,113.280714,23.125624
503,Shenzhen,Gaungzhou,深圳,坪山区,广州,荔湾区,114.338441,22.69423,113.243038,23.124943
504,Shenzhen,Zhuhai,深圳,坪山区,珠海,珠海市,114.338441,22.69423,113.553986,22.224979
505,Shenzhen,Foshan,深圳,坪山区,佛山,佛山市,114.338441,22.69423,113.122717,23.028762
506,Shenzhen,Huizhou,深圳,坪山区,惠州,惠州市,114.338441,22.69423,114.412599,23.079404
507,Shenzhen,Dongguang,深圳,坪山区,东莞,东莞市,114.338441,22.69423,113.746262,23.046237
508,Shenzhen,Zhongshan,深圳,坪山区,中山,中山市,114.338441,22.69423,113.382391,22.521113
509,Shenzhen,Jiangmen,深圳,坪山区,江门,江门市,114.338441,22.69423,113.094942,22.590431
510,Shenzhen,Zhaoqing,深圳,坪山区,肇庆,肇庆市,114.338441,22.69423,112.472529,23.051546
511,Shenzhen,Hong Kong,深圳,光明区,香港,九龙半岛,113.935895,22.748816,114.202104,22.321462
512,Shenzhen,Hong Kong,深圳,光明区,香港,香港岛,113.935895,22.748816,114.180828,22.270967
513,Shenzhen,Hong Kong,深圳,光明区,香港,新界,113.935895,22.748816,114.091194,22.396943
514,Shenzhen,Macao,深圳,光明区,澳门,澳门特别行政区,113.935895,22.748816,113.54909,22.198951
515,Shenzhen,Gaungzhou,深圳,光明区,广州,从化区,113.935895,22.748816,113.587386,23.545283
516,Shenzhen,Gaungzhou,深圳,光明区,广州,增城区,113.935895,22.748816,113.829579,23.290497
517,Shenzhen,Gaungzhou,深圳,光明区,广州,花都区,113.935895,22.748816,113.211184,23.39205
518,Shenzhen,Gaungzhou,深圳,光明区,广州,南沙区,113.935895,22.748816,113.53738,22.794531
519,Shenzhen,Gaungzhou,深圳,光明区,广州,黄埔区,113.935895,22.748816,113.450761,23.103239
520,Shenzhen,Gaungzhou,深圳,光明区,广州,天河区,113.935895,22.748816,113.335367,23.13559
521,Shenzhen,Gaungzhou,深圳,光明区,广州,白云区,113.935895,22.748816,113.262831,23.162281
522,Shenzhen,Gaungzhou,深圳,光明区,广州,番禺区,113.935895,22.748816,113.364619,22.938582
523,Shenzhen,Gaungzhou,深圳,光明区,广州,海珠区,113.935895,22.748816,113.262008,23.103131
524,Shenzhen,Gaungzhou,深圳,光明区,广州,越秀区,113.935895,22.748816,113.280714,23.125624
525,Shenzhen,Gaungzhou,深圳,光明区,广州,荔湾区,113.935895,22.748816,113.243038,23.124943
526,Shenzhen,Zhuhai,深圳,光明区,珠海,珠海市,113.935895,22.748816,113.553986,22.224979
527,Shenzhen,Foshan,深圳,光明区,佛山,佛山市,113.935895,22.748816,113.122717,23.028762
528,Shenzhen,Huizhou,深圳,光明区,惠州,惠州市,113.935895,22.748816,114.412599,23.079404
529,Shenzhen,Dongguang,深圳,光明区,东莞,东莞市,113.935895,22.748816,113.746262,23.046237
530,Shenzhen,Zhongshan,深圳,光明区,中山,中山市,113.935895,22.748816,113.382391,22.521113
531,Shenzhen,Jiangmen,深圳,光明区,江门,江门市,113.935895,22.748816,113.094942,22.590431
532,Shenzhen,Zhaoqing,深圳,光明区,肇庆,肇庆市,113.935895,22.748816,112.472529,23.051546
533,Zhuhai,Hong Kong,珠海,珠海市,香港,九龙半岛,113.553986,22.224979,114.202104,22.321462
534,Zhuhai,Hong Kong,珠海,珠海市,香港,香港岛,113.553986,22.224979,114.180828,22.270967
535,Zhuhai,Hong Kong,珠海,珠海市,香港,新界,113.553986,22.224979,114.091194,22.396943
536,Zhuhai,Macao,珠海,珠海市,澳门,澳门特别行政区,113.553986,22.224979,113.54909,22.198951
537,Zhuhai,Gaungzhou,珠海,珠海市,广州,从化区,113.553986,22.224979,113.587386,23.545283
538,Zhuhai,Gaungzhou,珠海,珠海市,广州,增城区,113.553986,22.224979,113.829579,23.290497
539,Zhuhai,Gaungzhou,珠海,珠海市,广州,花都区,113.553986,22.224979,113.211184,23.39205
540,Zhuhai,Gaungzhou,珠海,珠海市,广州,南沙区,113.553986,22.224979,113.53738,22.794531
541,Zhuhai,Gaungzhou,珠海,珠海市,广州,黄埔区,113.553986,22.224979,113.450761,23.103239
542,Zhuhai,Gaungzhou,珠海,珠海市,广州,天河区,113.553986,22.224979,113.335367,23.13559
543,Zhuhai,Gaungzhou,珠海,珠海市,广州,白云区,113.553986,22.224979,113.262831,23.162281
544,Zhuhai,Gaungzhou,珠海,珠海市,广州,番禺区,113.553986,22.224979,113.364619,22.938582
545,Zhuhai,Gaungzhou,珠海,珠海市,广州,海珠区,113.553986,22.224979,113.262008,23.103131
546,Zhuhai,Gaungzhou,珠海,珠海市,广州,越秀区,113.553986,22.224979,113.280714,23.125624
547,Zhuhai,Gaungzhou,珠海,珠海市,广州,荔湾区,113.553986,22.224979,113.243038,23.124943
548,Zhuhai,Shenzhen,珠海,珠海市,深圳,宝安区,113.553986,22.224979,113.828671,22.754741
549,Zhuhai,Shenzhen,珠海,珠海市,深圳,南山区,113.553986,22.224979,113.92943,22.531221
550,Zhuhai,Shenzhen,珠海,珠海市,深圳,福田区,113.553986,22.224979,114.05096,22.541009
551,Zhuhai,Shenzhen,珠海,珠海市,深圳,盐田区,113.553986,22.224979,114.235366,22.555069
552,Zhuhai,Shenzhen,珠海,珠海市,深圳,罗湖区,113.553986,22.224979,114.123885,22.555341
553,Zhuhai,Shenzhen,珠海,珠海市,深圳,龙岗区,113.553986,22.224979,114.251372,22.721511
554,Zhuhai,Shenzhen,珠海,珠海市,深圳,龙华区,113.553986,22.224979,114.044346,22.691963
555,Zhuhai,Shenzhen,珠海,珠海市,深圳,坪山区,113.553986,22.224979,114.338441,22.69423
556,Zhuhai,Shenzhen,珠海,珠海市,深圳,光明区,113.553986,22.224979,113.935895,22.748816
557,Zhuhai,Foshan,珠海,珠海市,佛山,佛山市,113.553986,22.224979,113.122717,23.028762
558,Zhuhai,Huizhou,珠海,珠海市,惠州,惠州市,113.553986,22.224979,114.412599,23.079404
559,Zhuhai,Dongguang,珠海,珠海市,东莞,东莞市,113.553986,22.224979,113.746262,23.046237
560,Zhuhai,Zhongshan,珠海,珠海市,中山,中山市,113.553986,22.224979,113.382391,22.521113
561,Zhuhai,Jiangmen,珠海,珠海市,江门,江门市,113.553986,22.224979,113.094942,22.590431
562,Zhuhai,Zhaoqing,珠海,珠海市,肇庆,肇庆市,113.553986,22.224979,112.472529,23.051546
563,Foshan,Hong Kong,佛山,佛山市,香港,九龙半岛,113.122717,23.028762,114.202104,22.321462
564,Foshan,Hong Kong,佛山,佛山市,香港,香港岛,113.122717,23.028762,114.180828,22.270967
565,Foshan,Hong Kong,佛山,佛山市,香港,新界,113.122717,23.028762,114.091194,22.396943
566,Foshan,Macao,佛山,佛山市,澳门,澳门特别行政区,113.122717,23.028762,113.54909,22.198951
567,Foshan,Gaungzhou,佛山,佛山市,广州,从化区,113.122717,23.028762,113.587386,23.545283
568,Foshan,Gaungzhou,佛山,佛山市,广州,增城区,113.122717,23.028762,113.829579,23.290497
569,Foshan,Gaungzhou,佛山,佛山市,广州,花都区,113.122717,23.028762,113.211184,23.39205
570,Foshan,Gaungzhou,佛山,佛山市,广州,南沙区,113.122717,23.028762,113.53738,22.794531
571,Foshan,Gaungzhou,佛山,佛山市,广州,黄埔区,113.122717,23.028762,113.450761,23.103239
572,Foshan,Gaungzhou,佛山,佛山市,广州,天河区,113.122717,23.028762,113.335367,23.13559
573,Foshan,Gaungzhou,佛山,佛山市,广州,白云区,113.122717,23.028762,113.262831,23.162281
574,Foshan,Gaungzhou,佛山,佛山市,广州,番禺区,113.122717,23.028762,113.364619,22.938582
575,Foshan,Gaungzhou,佛山,佛山市,广州,海珠区,113.122717,23.028762,113.262008,23.103131
576,Foshan,Gaungzhou,佛山,佛山市,广州,越秀区,113.122717,23.028762,113.280714,23.125624
577,Foshan,Gaungzhou,佛山,佛山市,广州,荔湾区,113.122717,23.028762,113.243038,23.124943
578,Foshan,Shenzhen,佛山,佛山市,深圳,宝安区,113.122717,23.028762,113.828671,22.754741
579,Foshan,Shenzhen,佛山,佛山市,深圳,南山区,113.122717,23.028762,113.92943,22.531221
580,Foshan,Shenzhen,佛山,佛山市,深圳,福田区,113.122717,23.028762,114.05096,22.541009
581,Foshan,Shenzhen,佛山,佛山市,深圳,盐田区,113.122717,23.028762,114.235366,22.555069
582,Foshan,Shenzhen,佛山,佛山市,深圳,罗湖区,113.122717,23.028762,114.123885,22.555341
583,Foshan,Shenzhen,佛山,佛山市,深圳,龙岗区,113.122717,23.028762,114.251372,22.721511
584,Foshan,Shenzhen,佛山,佛山市,深圳,龙华区,113.122717,23.028762,114.044346,22.691963
585,Foshan,Shenzhen,佛山,佛山市,深圳,坪山区,113.122717,23.028762,114.338441,22.69423
586,Foshan,Shenzhen,佛山,佛山市,深圳,光明区,113.122717,23.028762,113.935895,22.748816
587,Foshan,Zhuhai,佛山,佛山市,珠海,珠海市,113.122717,23.028762,113.553986,22.224979
588,Foshan,Huizhou,佛山,佛山市,惠州,惠州市,113.122717,23.028762,114.412599,23.079404
589,Foshan,Dongguang,佛山,佛山市,东莞,东莞市,113.122717,23.028762,113.746262,23.046237
590,Foshan,Zhongshan,佛山,佛山市,中山,中山市,113.122717,23.028762,113.382391,22.521113
591,Foshan,Jiangmen,佛山,佛山市,江门,江门市,113.122717,23.028762,113.094942,22.590431
592,Foshan,Zhaoqing,佛山,佛山市,肇庆,肇庆市,113.122717,23.028762,112.472529,23.051546
593,Huizhou,Hong Kong,惠州,惠州市,香港,九龙半岛,114.412599,23.079404,114.202104,22.321462
594,Huizhou,Hong Kong,惠州,惠州市,香港,香港岛,114.412599,23.079404,114.180828,22.270967
595,Huizhou,Hong Kong,惠州,惠州市,香港,新界,114.412599,23.079404,114.091194,22.396943
596,Huizhou,Macao,惠州,惠州市,澳门,澳门特别行政区,114.412599,23.079404,113.54909,22.198951
597,Huizhou,Gaungzhou,惠州,惠州市,广州,从化区,114.412599,23.079404,113.587386,23.545283
598,Huizhou,Gaungzhou,惠州,惠州市,广州,增城区,114.412599,23.079404,113.829579,23.290497
599,Huizhou,Gaungzhou,惠州,惠州市,广州,花都区,114.412599,23.079404,113.211184,23.39205
600,Huizhou,Gaungzhou,惠州,惠州市,广州,南沙区,114.412599,23.079404,113.53738,22.794531
601,Huizhou,Gaungzhou,惠州,惠州市,广州,黄埔区,114.412599,23.079404,113.450761,23.103239
602,Huizhou,Gaungzhou,惠州,惠州市,广州,天河区,114.412599,23.079404,113.335367,23.13559
603,Huizhou,Gaungzhou,惠州,惠州市,广州,白云区,114.412599,23.079404,113.262831,23.162281
604,Huizhou,Gaungzhou,惠州,惠州市,广州,番禺区,114.412599,23.079404,113.364619,22.938582
605,Huizhou,Gaungzhou,惠州,惠州市,广州,海珠区,114.412599,23.079404,113.262008,23.103131
606,Huizhou,Gaungzhou,惠州,惠州市,广州,越秀区,114.412599,23.079404,113.280714,23.125624
607,Huizhou,Gaungzhou,惠州,惠州市,广州,荔湾区,114.412599,23.079404,113.243038,23.124943
608,Huizhou,Shenzhen,惠州,惠州市,深圳,宝安区,114.412599,23.079404,113.828671,22.754741
609,Huizhou,Shenzhen,惠州,惠州市,深圳,南山区,114.412599,23.079404,113.92943,22.531221
610,Huizhou,Shenzhen,惠州,惠州市,深圳,福田区,114.412599,23.079404,114.05096,22.541009
611,Huizhou,Shenzhen,惠州,惠州市,深圳,盐田区,114.412599,23.079404,114.235366,22.555069
612,Huizhou,Shenzhen,惠州,惠州市,深圳,罗湖区,114.412599,23.079404,114.123885,22.555341
613,Huizhou,Shenzhen,惠州,惠州市,深圳,龙岗区,114.412599,23.079404,114.251372,22.721511
614,Huizhou,Shenzhen,惠州,惠州市,深圳,龙华区,114.412599,23.079404,114.044346,22.691963
615,Huizhou,Shenzhen,惠州,惠州市,深圳,坪山区,114.412599,23.079404,114.338441,22.69423
616,Huizhou,Shenzhen,惠州,惠州市,深圳,光明区,114.412599,23.079404,113.935895,22.748816
617,Huizhou,Zhuhai,惠州,惠州市,珠海,珠海市,114.412599,23.079404,113.553986,22.224979
618,Huizhou,Foshan,惠州,惠州市,佛山,佛山市,114.412599,23.079404,113.122717,23.028762
619,Huizhou,Dongguang,惠州,惠州市,东莞,东莞市,114.412599,23.079404,113.746262,23.046237
620,Huizhou,Zhongshan,惠州,惠州市,中山,中山市,114.412599,23.079404,113.382391,22.521113
621,Huizhou,Jiangmen,惠州,惠州市,江门,江门市,114.412599,23.079404,113.094942,22.590431
622,Huizhou,Zhaoqing,惠州,惠州市,肇庆,肇庆市,114.412599,23.079404,112.472529,23.051546
623,Dongguang,Hong Kong,东莞,东莞市,香港,九龙半岛,113.746262,23.046237,114.202104,22.321462
624,Dongguang,Hong Kong,东莞,东莞市,香港,香港岛,113.746262,23.046237,114.180828,22.270967
625,Dongguang,Hong Kong,东莞,东莞市,香港,新界,113.746262,23.046237,114.091194,22.396943
626,Dongguang,Macao,东莞,东莞市,澳门,澳门特别行政区,113.746262,23.046237,113.54909,22.198951
627,Dongguang,Gaungzhou,东莞,东莞市,广州,从化区,113.746262,23.046237,113.587386,23.545283
628,Dongguang,Gaungzhou,东莞,东莞市,广州,增城区,113.746262,23.046237,113.829579,23.290497
629,Dongguang,Gaungzhou,东莞,东莞市,广州,花都区,113.746262,23.046237,113.211184,23.39205
630,Dongguang,Gaungzhou,东莞,东莞市,广州,南沙区,113.746262,23.046237,113.53738,22.794531
631,Dongguang,Gaungzhou,东莞,东莞市,广州,黄埔区,113.746262,23.046237,113.450761,23.103239
632,Dongguang,Gaungzhou,东莞,东莞市,广州,天河区,113.746262,23.046237,113.335367,23.13559
633,Dongguang,Gaungzhou,东莞,东莞市,广州,白云区,113.746262,23.046237,113.262831,23.162281
634,Dongguang,Gaungzhou,东莞,东莞市,广州,番禺区,113.746262,23.046237,113.364619,22.938582
635,Dongguang,Gaungzhou,东莞,东莞市,广州,海珠区,113.746262,23.046237,113.262008,23.103131
636,Dongguang,Gaungzhou,东莞,东莞市,广州,越秀区,113.746262,23.046237,113.280714,23.125624
637,Dongguang,Gaungzhou,东莞,东莞市,广州,荔湾区,113.746262,23.046237,113.243038,23.124943
638,Dongguang,Shenzhen,东莞,东莞市,深圳,宝安区,113.746262,23.046237,113.828671,22.754741
639,Dongguang,Shenzhen,东莞,东莞市,深圳,南山区,113.746262,23.046237,113.92943,22.531221
640,Dongguang,Shenzhen,东莞,东莞市,深圳,福田区,113.746262,23.046237,114.05096,22.541009
641,Dongguang,Shenzhen,东莞,东莞市,深圳,盐田区,113.746262,23.046237,114.235366,22.555069
642,Dongguang,Shenzhen,东莞,东莞市,深圳,罗湖区,113.746262,23.046237,114.123885,22.555341
643,Dongguang,Shenzhen,东莞,东莞市,深圳,龙岗区,113.746262,23.046237,114.251372,22.721511
644,Dongguang,Shenzhen,东莞,东莞市,深圳,龙华区,113.746262,23.046237,114.044346,22.691963
645,Dongguang,Shenzhen,东莞,东莞市,深圳,坪山区,113.746262,23.046237,114.338441,22.69423
646,Dongguang,Shenzhen,东莞,东莞市,深圳,光明区,113.746262,23.046237,113.935895,22.748816
647,Dongguang,Zhuhai,东莞,东莞市,珠海,珠海市,113.746262,23.046237,113.553986,22.224979
648,Dongguang,Foshan,东莞,东莞市,佛山,佛山市,113.746262,23.046237,113.122717,23.028762
649,Dongguang,Huizhou,东莞,东莞市,惠州,惠州市,113.746262,23.046237,114.412599,23.079404
650,Dongguang,Zhongshan,东莞,东莞市,中山,中山市,113.746262,23.046237,113.382391,22.521113
651,Dongguang,Jiangmen,东莞,东莞市,江门,江门市,113.746262,23.046237,113.094942,22.590431
652,Dongguang,Zhaoqing,东莞,东莞市,肇庆,肇庆市,113.746262,23.046237,112.472529,23.051546
653,Zhongshan,Hong Kong,中山,中山市,香港,九龙半岛,113.382391,22.521113,114.202104,22.321462
654,Zhongshan,Hong Kong,中山,中山市,香港,香港岛,113.382391,22.521113,114.180828,22.270967
655,Zhongshan,Hong Kong,中山,中山市,香港,新界,113.382391,22.521113,114.091194,22.396943
656,Zhongshan,Macao,中山,中山市,澳门,澳门特别行政区,113.382391,22.521113,113.54909,22.198951
657,Zhongshan,Gaungzhou,中山,中山市,广州,从化区,113.382391,22.521113,113.587386,23.545283
658,Zhongshan,Gaungzhou,中山,中山市,广州,增城区,113.382391,22.521113,113.829579,23.290497
659,Zhongshan,Gaungzhou,中山,中山市,广州,花都区,113.382391,22.521113,113.211184,23.39205
660,Zhongshan,Gaungzhou,中山,中山市,广州,南沙区,113.382391,22.521113,113.53738,22.794531
661,Zhongshan,Gaungzhou,中山,中山市,广州,黄埔区,113.382391,22.521113,113.450761,23.103239
662,Zhongshan,Gaungzhou,中山,中山市,广州,天河区,113.382391,22.521113,113.335367,23.13559
663,Zhongshan,Gaungzhou,中山,中山市,广州,白云区,113.382391,22.521113,113.262831,23.162281
664,Zhongshan,Gaungzhou,中山,中山市,广州,番禺区,113.382391,22.521113,113.364619,22.938582
665,Zhongshan,Gaungzhou,中山,中山市,广州,海珠区,113.382391,22.521113,113.262008,23.103131
666,Zhongshan,Gaungzhou,中山,中山市,广州,越秀区,113.382391,22.521113,113.280714,23.125624
667,Zhongshan,Gaungzhou,中山,中山市,广州,荔湾区,113.382391,22.521113,113.243038,23.124943
668,Zhongshan,Shenzhen,中山,中山市,深圳,宝安区,113.382391,22.521113,113.828671,22.754741
669,Zhongshan,Shenzhen,中山,中山市,深圳,南山区,113.382391,22.521113,113.92943,22.531221
670,Zhongshan,Shenzhen,中山,中山市,深圳,福田区,113.382391,22.521113,114.05096,22.541009
671,Zhongshan,Shenzhen,中山,中山市,深圳,盐田区,113.382391,22.521113,114.235366,22.555069
672,Zhongshan,Shenzhen,中山,中山市,深圳,罗湖区,113.382391,22.521113,114.123885,22.555341
673,Zhongshan,Shenzhen,中山,中山市,深圳,龙岗区,113.382391,22.521113,114.251372,22.721511
674,Zhongshan,Shenzhen,中山,中山市,深圳,龙华区,113.382391,22.521113,114.044346,22.691963
675,Zhongshan,Shenzhen,中山,中山市,深圳,坪山区,113.382391,22.521113,114.338441,22.69423
676,Zhongshan,Shenzhen,中山,中山市,深圳,光明区,113.382391,22.521113,113.935895,22.748816
677,Zhongshan,Zhuhai,中山,中山市,珠海,珠海市,113.382391,22.521113,113.553986,22.224979
678,Zhongshan,Foshan,中山,中山市,佛山,佛山市,113.382391,22.521113,113.122717,23.028762
679,Zhongshan,Huizhou,中山,中山市,惠州,惠州市,113.382391,22.521113,114.412599,23.079404
680,Zhongshan,Dongguang,中山,中山市,东莞,东莞市,113.382391,22.521113,113.746262,23.046237
681,Zhongshan,Jiangmen,中山,中山市,江门,江门市,113.382391,22.521113,113.094942,22.590431
682,Zhongshan,Zhaoqing,中山,中山市,肇庆,肇庆市,113.382391,22.521113,112.472529,23.051546
683,Jiangmen,Hong Kong,江门,江门市,香港,九龙半岛,113.094942,22.590431,114.202104,22.321462
684,Jiangmen,Hong Kong,江门,江门市,香港,香港岛,113.094942,22.590431,114.180828,22.270967
685,Jiangmen,Hong Kong,江门,江门市,香港,新界,113.094942,22.590431,114.091194,22.396943
686,Jiangmen,Macao,江门,江门市,澳门,澳门特别行政区,113.094942,22.590431,113.54909,22.198951
687,Jiangmen,Gaungzhou,江门,江门市,广州,从化区,113.094942,22.590431,113.587386,23.545283
688,Jiangmen,Gaungzhou,江门,江门市,广州,增城区,113.094942,22.590431,113.829579,23.290497
689,Jiangmen,Gaungzhou,江门,江门市,广州,花都区,113.094942,22.590431,113.211184,23.39205
690,Jiangmen,Gaungzhou,江门,江门市,广州,南沙区,113.094942,22.590431,113.53738,22.794531
691,Jiangmen,Gaungzhou,江门,江门市,广州,黄埔区,113.094942,22.590431,113.450761,23.103239
692,Jiangmen,Gaungzhou,江门,江门市,广州,天河区,113.094942,22.590431,113.335367,23.13559
693,Jiangmen,Gaungzhou,江门,江门市,广州,白云区,113.094942,22.590431,113.262831,23.162281
694,Jiangmen,Gaungzhou,江门,江门市,广州,番禺区,113.094942,22.590431,113.364619,22.938582
695,Jiangmen,Gaungzhou,江门,江门市,广州,海珠区,113.094942,22.590431,113.262008,23.103131
696,Jiangmen,Gaungzhou,江门,江门市,广州,越秀区,113.094942,22.590431,113.280714,23.125624
697,Jiangmen,Gaungzhou,江门,江门市,广州,荔湾区,113.094942,22.590431,113.243038,23.124943
698,Jiangmen,Shenzhen,江门,江门市,深圳,宝安区,113.094942,22.590431,113.828671,22.754741
699,Jiangmen,Shenzhen,江门,江门市,深圳,南山区,113.094942,22.590431,113.92943,22.531221
700,Jiangmen,Shenzhen,江门,江门市,深圳,福田区,113.094942,22.590431,114.05096,22.541009
701,Jiangmen,Shenzhen,江门,江门市,深圳,盐田区,113.094942,22.590431,114.235366,22.555069
702,Jiangmen,Shenzhen,江门,江门市,深圳,罗湖区,113.094942,22.590431,114.123885,22.555341
703,Jiangmen,Shenzhen,江门,江门市,深圳,龙岗区,113.094942,22.590431,114.251372,22.721511
704,Jiangmen,Shenzhen,江门,江门市,深圳,龙华区,113.094942,22.590431,114.044346,22.691963
705,Jiangmen,Shenzhen,江门,江门市,深圳,坪山区,113.094942,22.590431,114.338441,22.69423
706,Jiangmen,Shenzhen,江门,江门市,深圳,光明区,113.094942,22.590431,113.935895,22.748816
707,Jiangmen,Zhuhai,江门,江门市,珠海,珠海市,113.094942,22.590431,113.553986,22.224979
708,Jiangmen,Foshan,江门,江门市,佛山,佛山市,113.094942,22.590431,113.122717,23.028762
709,Jiangmen,Huizhou,江门,江门市,惠州,惠州市,113.094942,22.590431,114.412599,23.079404
710,Jiangmen,Dongguang,江门,江门市,东莞,东莞市,113.094942,22.590431,113.746262,23.046237
711,Jiangmen,Zhongshan,江门,江门市,中山,中山市,113.094942,22.590431,113.382391,22.521113
712,Jiangmen,Zhaoqing,江门,江门市,肇庆,肇庆市,113.094942,22.590431,112.472529,23.051546
713,Zhaoqing,Hong Kong,肇庆,肇庆市,香港,九龙半岛,112.472529,23.051546,114.202104,22.321462
714,Zhaoqing,Hong Kong,肇庆,肇庆市,香港,香港岛,112.472529,23.051546,114.180828,22.270967
715,Zhaoqing,Hong Kong,肇庆,肇庆市,香港,新界,112.472529,23.051546,114.091194,22.396943
716,Zhaoqing,Macao,肇庆,肇庆市,澳门,澳门特别行政区,112.472529,23.051546,113.54909,22.198951
717,Zhaoqing,Gaungzhou,肇庆,肇庆市,广州,从化区,112.472529,23.051546,113.587386,23.545283
718,Zhaoqing,Gaungzhou,肇庆,肇庆市,广州,增城区,112.472529,23.051546,113.829579,23.290497
719,Zhaoqing,Gaungzhou,肇庆,肇庆市,广州,花都区,112.472529,23.051546,113.211184,23.39205
720,Zhaoqing,Gaungzhou,肇庆,肇庆市,广州,南沙区,112.472529,23.051546,113.53738,22.794531
721,Zhaoqing,Gaungzhou,肇庆,肇庆市,广州,黄埔区,112.472529,23.051546,113.450761,23.103239
722,Zhaoqing,Gaungzhou,肇庆,肇庆市,广州,天河区,112.472529,23.051546,113.335367,23.13559
723,Zhaoqing,Gaungzhou,肇庆,肇庆市,广州,白云区,112.472529,23.051546,113.262831,23.162281
724,Zhaoqing,Gaungzhou,肇庆,肇庆市,广州,番禺区,112.472529,23.051546,113.364619,22.938582
725,Zhaoqing,Gaungzhou,肇庆,肇庆市,广州,海珠区,112.472529,23.051546,113.262008,23.103131
726,Zhaoqing,Gaungzhou,肇庆,肇庆市,广州,越秀区,112.472529,23.051546,113.280714,23.125624
727,Zhaoqing,Gaungzhou,肇庆,肇庆市,广州,荔湾区,112.472529,23.051546,113.243038,23.124943
728,Zhaoqing,Shenzhen,肇庆,肇庆市,深圳,宝安区,112.472529,23.051546,113.828671,22.754741
729,Zhaoqing,Shenzhen,肇庆,肇庆市,深圳,南山区,112.472529,23.051546,113.92943,22.531221
730,Zhaoqing,Shenzhen,肇庆,肇庆市,深圳,福田区,112.472529,23.051546,114.05096,22.541009
731,Zhaoqing,Shenzhen,肇庆,肇庆市,深圳,盐田区,112.472529,23.051546,114.235366,22.555069
732,Zhaoqing,Shenzhen,肇庆,肇庆市,深圳,罗湖区,112.472529,23.051546,114.123885,22.555341
733,Zhaoqing,Shenzhen,肇庆,肇庆市,深圳,龙岗区,112.472529,23.051546,114.251372,22.721511
734,Zhaoqing,Shenzhen,肇庆,肇庆市,深圳,龙华区,112.472529,23.051546,114.044346,22.691963
735,Zhaoqing,Shenzhen,肇庆,肇庆市,深圳,坪山区,112.472529,23.051546,114.338441,22.69423
736,Zhaoqing,Shenzhen,肇庆,肇庆市,深圳,光明区,112.472529,23.051546,113.935895,22.748816
737,Zhaoqing,Zhuhai,肇庆,肇庆市,珠海,珠海市,112.472529,23.051546,113.553986,22.224979
738,Zhaoqing,Foshan,肇庆,肇庆市,佛山,佛山市,112.472529,23.051546,113.122717,23.028762
739,Zhaoqing,Huizhou,肇庆,肇庆市,惠州,惠州市,112.472529,23.051546,114.412599,23.079404
740,Zhaoqing,Dongguang,肇庆,肇庆市,东莞,东莞市,112.472529,23.051546,113.746262,23.046237
741,Zhaoqing,Zhongshan,肇庆,肇庆市,中山,中山市,112.472529,23.051546,113.382391,22.521113
742,Zhaoqing,Jiangmen,肇庆,肇庆市,江门,江门市,112.472529,23.051546,113.094942,22.590431
